"","model","ICER","ICER_PFS","INB","Incremental Cost"
"1","best",-12167.4677658551,63436.0482605999,89243.0831246292,-9680.72435682637
"2","Standard survival model",20464.6979145895,65076.5668373216,76401.6981988837,19658.411206168
"3","FP",8550.75077826123,54274.9242515047,93110.336134389,8706.06687251001
"4","RCS",3977.66921787687,49709.6237743451,99420.8123768082,4118.44934179797
"5","RP",11265.1883431942,57702.5568853962,84706.4075728404,10753.7686435179
